{
	"partitions" : [
		{
			"name" : "Top",
			"pins" : [
				{
					"name" : "Sum[0]",
					"strict" : false
				},
				{
					"name" : "Sum[1]",
					"strict" : false
				},
				{
					"name" : "Sum[2]",
					"strict" : false
				},
				{
					"name" : "Sum[3]",
					"strict" : false
				},
				{
					"name" : "Sum[4]",
					"strict" : false
				},
				{
					"name" : "Sum[5]",
					"strict" : false
				},
				{
					"name" : "Sum[6]",
					"strict" : false
				},
				{
					"name" : "Sum[7]",
					"strict" : false
				},
				{
					"name" : "Sum[8]",
					"strict" : false
				},
				{
					"name" : "Sum[9]",
					"strict" : false
				},
				{
					"name" : "Sum[10]",
					"strict" : false
				},
				{
					"name" : "Sum[11]",
					"strict" : false
				},
				{
					"name" : "Sum[12]",
					"strict" : false
				},
				{
					"name" : "Sum[13]",
					"strict" : false
				},
				{
					"name" : "Sum[14]",
					"strict" : false
				},
				{
					"name" : "Sum[15]",
					"strict" : false
				},
				{
					"name" : "Sum[16]",
					"strict" : false
				},
				{
					"name" : "Sum[17]",
					"strict" : false
				},
				{
					"name" : "Sum[18]",
					"strict" : false
				},
				{
					"name" : "Sum[19]",
					"strict" : false
				},
				{
					"name" : "Sum[20]",
					"strict" : false
				},
				{
					"name" : "Sum[21]",
					"strict" : false
				},
				{
					"name" : "Sum[22]",
					"strict" : false
				},
				{
					"name" : "Sum[23]",
					"strict" : false
				},
				{
					"name" : "Sum[24]",
					"strict" : false
				},
				{
					"name" : "Sum[25]",
					"strict" : false
				},
				{
					"name" : "Sum[26]",
					"strict" : false
				},
				{
					"name" : "Sum[27]",
					"strict" : false
				},
				{
					"name" : "Sum[28]",
					"strict" : false
				},
				{
					"name" : "Sum[29]",
					"strict" : false
				},
				{
					"name" : "Sum[30]",
					"strict" : false
				},
				{
					"name" : "Sum[31]",
					"strict" : false
				},
				{
					"name" : "Eb[0]",
					"strict" : false
				},
				{
					"name" : "Ea[0]",
					"strict" : false
				},
				{
					"name" : "Eb[1]",
					"strict" : false
				},
				{
					"name" : "Ea[1]",
					"strict" : false
				},
				{
					"name" : "Eb[2]",
					"strict" : false
				},
				{
					"name" : "Ea[2]",
					"strict" : false
				},
				{
					"name" : "Eb[3]",
					"strict" : false
				},
				{
					"name" : "Ea[3]",
					"strict" : false
				},
				{
					"name" : "Eb[4]",
					"strict" : false
				},
				{
					"name" : "Ea[4]",
					"strict" : false
				},
				{
					"name" : "Eb[5]",
					"strict" : false
				},
				{
					"name" : "Ea[5]",
					"strict" : false
				},
				{
					"name" : "Eb[6]",
					"strict" : false
				},
				{
					"name" : "Ea[6]",
					"strict" : false
				},
				{
					"name" : "Eb[7]",
					"strict" : false
				},
				{
					"name" : "Ea[7]",
					"strict" : false
				},
				{
					"name" : "Eb[8]",
					"strict" : false
				},
				{
					"name" : "Ea[8]",
					"strict" : false
				},
				{
					"name" : "Eb[9]",
					"strict" : false
				},
				{
					"name" : "Ea[9]",
					"strict" : false
				},
				{
					"name" : "Eb[10]",
					"strict" : false
				},
				{
					"name" : "Ea[10]",
					"strict" : false
				},
				{
					"name" : "Eb[11]",
					"strict" : false
				},
				{
					"name" : "Ea[11]",
					"strict" : false
				},
				{
					"name" : "Eb[12]",
					"strict" : false
				},
				{
					"name" : "Ea[12]",
					"strict" : false
				},
				{
					"name" : "Eb[13]",
					"strict" : false
				},
				{
					"name" : "Ea[13]",
					"strict" : false
				},
				{
					"name" : "Eb[14]",
					"strict" : false
				},
				{
					"name" : "Ea[14]",
					"strict" : false
				},
				{
					"name" : "Eb[15]",
					"strict" : false
				},
				{
					"name" : "Ea[15]",
					"strict" : false
				},
				{
					"name" : "Eb[16]",
					"strict" : false
				},
				{
					"name" : "Ea[16]",
					"strict" : false
				},
				{
					"name" : "Eb[17]",
					"strict" : false
				},
				{
					"name" : "Ea[17]",
					"strict" : false
				},
				{
					"name" : "Eb[18]",
					"strict" : false
				},
				{
					"name" : "Ea[18]",
					"strict" : false
				},
				{
					"name" : "Eb[19]",
					"strict" : false
				},
				{
					"name" : "Ea[19]",
					"strict" : false
				},
				{
					"name" : "Eb[20]",
					"strict" : false
				},
				{
					"name" : "Ea[20]",
					"strict" : false
				},
				{
					"name" : "Eb[21]",
					"strict" : false
				},
				{
					"name" : "Ea[21]",
					"strict" : false
				},
				{
					"name" : "Eb[22]",
					"strict" : false
				},
				{
					"name" : "Ea[22]",
					"strict" : false
				},
				{
					"name" : "Eb[23]",
					"strict" : false
				},
				{
					"name" : "Ea[23]",
					"strict" : false
				},
				{
					"name" : "Eb[24]",
					"strict" : false
				},
				{
					"name" : "Ea[24]",
					"strict" : false
				},
				{
					"name" : "Eb[25]",
					"strict" : false
				},
				{
					"name" : "Ea[25]",
					"strict" : false
				},
				{
					"name" : "Eb[26]",
					"strict" : false
				},
				{
					"name" : "Ea[26]",
					"strict" : false
				},
				{
					"name" : "Eb[27]",
					"strict" : false
				},
				{
					"name" : "Ea[27]",
					"strict" : false
				},
				{
					"name" : "Eb[28]",
					"strict" : false
				},
				{
					"name" : "Ea[28]",
					"strict" : false
				},
				{
					"name" : "Eb[29]",
					"strict" : false
				},
				{
					"name" : "Ea[29]",
					"strict" : false
				},
				{
					"name" : "Eb[30]",
					"strict" : false
				},
				{
					"name" : "Ea[30]",
					"strict" : false
				},
				{
					"name" : "Eb[31]",
					"strict" : false
				},
				{
					"name" : "Ea[31]",
					"strict" : false
				}
			]
		}
	]
}